
DROP DATABASE IF EXISTS `fitness_project`;
CREATE DATABASE `fitness_project` DEFAULT CHARACTER SET utf8 COLLATE utf8_general_ci;

USE `fitness_project`;
CREATE TABLE IF NOT EXISTS `django_migrations` (`id` integer NOT NULL PRIMARY KEY AUTO_INCREMENT, `app` varchar(255) NOT NULL, `name` varchar(255) NOT NULL, `applied` datetime NOT NULL);
INSERT INTO django_migrations VALUES(1,'user','0001_initial','2020-11-01 21:14:54.286280');
INSERT INTO django_migrations VALUES(2,'contenttypes','0001_initial','2020-11-01 21:14:54.297249');
INSERT INTO django_migrations VALUES(3,'admin','0001_initial','2020-11-01 21:14:54.308221');
INSERT INTO django_migrations VALUES(4,'admin','0002_logentry_remove_auto_add','2020-11-01 21:14:54.323147');
INSERT INTO django_migrations VALUES(5,'admin','0003_logentry_add_action_flag_choices','2020-11-01 21:14:54.338136');
INSERT INTO django_migrations VALUES(6,'contenttypes','0002_remove_content_type_name','2020-11-01 21:14:54.360077');
INSERT INTO django_migrations VALUES(7,'auth','0001_initial','2020-11-01 21:14:54.389004');
INSERT INTO django_migrations VALUES(8,'auth','0002_alter_permission_name_max_length','2020-11-01 21:14:54.406956');
INSERT INTO django_migrations VALUES(9,'auth','0003_alter_user_email_max_length','2020-11-01 21:14:54.417892');
INSERT INTO django_migrations VALUES(10,'auth','0004_alter_user_username_opts','2020-11-01 21:14:54.429861');
INSERT INTO django_migrations VALUES(11,'auth','0005_alter_user_last_login_null','2020-11-01 21:14:54.439835');
INSERT INTO django_migrations VALUES(12,'auth','0006_require_contenttypes_0002','2020-11-01 21:14:54.445819');
INSERT INTO django_migrations VALUES(13,'auth','0007_alter_validators_add_error_messages','2020-11-01 21:14:54.455816');
INSERT INTO django_migrations VALUES(14,'auth','0008_alter_user_username_max_length','2020-11-01 21:14:54.465785');
INSERT INTO django_migrations VALUES(15,'auth','0009_alter_user_last_name_max_length','2020-11-01 21:14:54.476764');
INSERT INTO django_migrations VALUES(16,'auth','0010_alter_group_name_max_length','2020-11-01 21:14:54.493726');
INSERT INTO django_migrations VALUES(17,'auth','0011_update_proxy_permissions','2020-11-01 21:14:54.507682');
INSERT INTO django_migrations VALUES(18,'auth','0012_alter_user_first_name_max_length','2020-11-01 21:14:54.517662');
INSERT INTO django_migrations VALUES(19,'diet','0001_initial','2020-11-01 21:14:54.535612');
INSERT INTO django_migrations VALUES(20,'pages','0001_initial','2020-11-01 21:14:54.546548');
INSERT INTO django_migrations VALUES(21,'payment','0001_initial','2020-11-01 21:14:54.565534');
INSERT INTO django_migrations VALUES(22,'sessions','0001_initial','2020-11-01 21:14:54.574503');
INSERT INTO django_migrations VALUES(23,'user','0002_auto_20201102_1125','2020-11-02 10:25:55.927160');
INSERT INTO django_migrations VALUES(24,'user','0003_auto_20201102_1418','2020-11-02 13:19:20.275570');
INSERT INTO django_migrations VALUES(25,'training','0001_initial','2020-11-02 20:34:20.773523');
INSERT INTO django_migrations VALUES(26,'training','0002_auto_20201103_2141','2020-11-03 20:42:16.428181');
INSERT INTO django_migrations VALUES(27,'training','0003_auto_20201103_2146','2020-11-03 20:46:45.864380');
INSERT INTO django_migrations VALUES(28,'training','0004_auto_20201103_2302','2020-11-03 22:02:29.058867');
INSERT INTO django_migrations VALUES(29,'training','0005_auto_20201104_1149','2020-11-04 10:49:54.834427');
INSERT INTO django_migrations VALUES(30,'training','0006_practice_day','2020-11-04 11:56:03.324766');
INSERT INTO django_migrations VALUES(31,'training','0007_auto_20201104_1705','2020-11-04 16:05:12.508666');
INSERT INTO django_migrations VALUES(32,'training','0008_auto_20201104_1714','2020-11-04 16:15:24.130444');
INSERT INTO django_migrations VALUES(33,'user','0002_user_group','2020-11-09 13:49:59.546380');
INSERT INTO django_migrations VALUES(34,'user','0003_remove_user_group','2020-11-09 14:13:32.500375');
INSERT INTO django_migrations VALUES(35,'diet','0002_diet_user','2020-11-09 19:46:20.531567');
INSERT INTO django_migrations VALUES(36,'diet','0003_auto_20201110_2111','2020-11-10 20:11:18.674399');
INSERT INTO django_migrations VALUES(37,'diet','0004_auto_20201112_1352','2020-11-12 12:52:20.795295');
INSERT INTO django_migrations VALUES(38,'diet','0005_auto_20201112_1400','2020-11-12 13:00:30.740289');
INSERT INTO django_migrations VALUES(39,'diet','0006_auto_20201113_2053','2020-11-13 19:53:49.935722');
INSERT INTO django_migrations VALUES(40,'user','0004_auto_20201113_2053','2020-11-13 19:53:49.962647');
INSERT INTO django_migrations VALUES(41,'diet','0007_auto_20201113_2055','2020-11-13 19:55:48.337777');
INSERT INTO django_migrations VALUES(42,'diet','0008_alimentuser_gramos','2020-11-13 20:13:23.657461');
INSERT INTO django_migrations VALUES(43,'diet','0009_remove_meal_aliment','2020-11-14 17:18:16.471925');
INSERT INTO django_migrations VALUES(44,'diet','0010_auto_20201114_1823','2020-11-14 17:23:15.108340');
INSERT INTO django_migrations VALUES(45,'diet','0011_auto_20201114_2114','2020-11-14 20:14:49.890384');
INSERT INTO django_migrations VALUES(46,'diet','0012_auto_20201114_2159','2020-11-14 20:59:27.003431');
INSERT INTO django_migrations VALUES(47,'diet','0013_auto_20201115_2011','2020-11-15 19:11:57.594899');
INSERT INTO django_migrations VALUES(48,'diet','0014_auto_20201116_1431','2020-11-16 13:31:14.955778');
INSERT INTO django_migrations VALUES(49,'diet','0015_auto_20201117_1727','2020-11-17 16:27:44.367110');
INSERT INTO django_migrations VALUES(50,'user','0005_auto_20201119_1523','2020-11-19 14:23:53.461687');
INSERT INTO django_migrations VALUES(51,'diet','0012_auto_20201125_1230','2020-11-25 11:30:51.958016');
INSERT INTO django_migrations VALUES(52,'payment','0002_auto_20201125_1230','2020-11-25 11:30:52.002403');
INSERT INTO django_migrations VALUES(53,'payment','0003_auto_20201125_1234','2020-11-25 11:34:11.694814');
INSERT INTO django_migrations VALUES(54,'diet','0013_auto_20201125_2234','2020-11-25 21:34:32.779152');
INSERT INTO django_migrations VALUES(55,'diet','0014_diet_visible','2020-12-06 16:06:32.375794');
INSERT INTO django_migrations VALUES(56,'training','0009_auto_20201208_1531','2020-12-08 14:31:20.144501');
INSERT INTO django_migrations VALUES(57,'training','0010_auto_20201208_2347','2020-12-08 22:47:50.688427');
INSERT INTO django_migrations VALUES(58,'user','0006_auto_20201208_2347','2020-12-08 22:47:50.730343');
INSERT INTO django_migrations VALUES(59,'training','0011_auto_20201209_1453','2020-12-09 13:53:42.088887');
INSERT INTO django_migrations VALUES(60,'chat','0001_initial','2020-12-13 20:47:06.653236');
INSERT INTO django_migrations VALUES(61,'chat','0002_auto_20201214_1538','2020-12-14 14:38:47.403075');
INSERT INTO django_migrations VALUES(62,'chat','0003_auto_20201214_1759','2020-12-14 16:59:26.778282');
INSERT INTO django_migrations VALUES(63,'chat','0004_auto_20201214_2103','2020-12-14 20:03:32.367802');
INSERT INTO django_migrations VALUES(64,'chat','0005_auto_20201214_2104','2020-12-14 20:04:43.924501');
INSERT INTO django_migrations VALUES(65,'training','0012_auto_20201225_1412','2020-12-25 13:12:26.530411');
INSERT INTO django_migrations VALUES(66,'training','0013_auto_20201226_1323','2020-12-26 12:23:39.662142');
INSERT INTO django_migrations VALUES(67,'user','0007_user_grupo','2020-12-26 12:23:39.687107');
INSERT INTO django_migrations VALUES(68,'user','0008_auto_20201226_1346','2020-12-26 12:46:25.938836');
INSERT INTO django_migrations VALUES(69,'diet','0015_auto_20201226_1649','2020-12-26 15:50:08.293508');
INSERT INTO django_migrations VALUES(70,'training','0014_training_visible','2021-01-02 17:05:27.674476');
INSERT INTO django_migrations VALUES(71,'training','0015_auto_20210102_1812','2021-01-02 17:13:06.621517');
INSERT INTO django_migrations VALUES(72,'diet','0016_auto_20210107_1453','2021-01-07 13:53:39.474283');
INSERT INTO django_migrations VALUES(73,'diet','0017_auto_20210107_1455','2021-01-07 13:55:14.899430');
INSERT INTO django_migrations VALUES(74,'diet','0018_auto_20210107_1506','2021-01-07 14:06:30.975221');
INSERT INTO django_migrations VALUES(75,'diet','0019_auto_20210107_1528','2021-01-07 14:28:40.339042');
CREATE TABLE IF NOT EXISTS `user_tariff` (`id` integer NOT NULL PRIMARY KEY AUTO_INCREMENT, `typeTariff` varchar(50) NOT NULL, `content` text NOT NULL, `price` varchar(10) NOT NULL, `duracion` varchar(3) NULL);
INSERT INTO user_tariff VALUES(1,'price_1I6c5jC6JokXHGA57ZL37jzG','Trimestral','59.99','3');
INSERT INTO user_tariff VALUES(2,'price_1I6o2HC6JokXHGA5dPPpQUvS','Semestral','49.99','6');
INSERT INTO user_tariff VALUES(3,'price_1I6o2nC6JokXHGA55F67DhCa','Anual','39.99','12');
INSERT INTO user_tariff VALUES(4,'Nada','Nada','0',NULL);
CREATE TABLE IF NOT EXISTS `user_image_user` (`id` integer NOT NULL PRIMARY KEY AUTO_INCREMENT, `image_id` integer NOT NULL REFERENCES `user_image` (`id`), `user_id` varchar(255) NOT NULL REFERENCES `user_user` (`email`));
INSERT INTO user_image_user VALUES(22,23,'flalonso17@esei.uvigo.es');
CREATE TABLE IF NOT EXISTS `django_admin_log` (`id` integer NOT NULL PRIMARY KEY AUTO_INCREMENT, `action_time` datetime NOT NULL, `object_id` text NULL, `object_repr` varchar(200) NOT NULL, `change_message` text NOT NULL, `content_type_id` integer NULL REFERENCES `django_content_type` (`id`), `user_id` varchar(255) NOT NULL REFERENCES `user_user` (`email`), `action_flag` smallint unsigned NOT NULL CHECK (`action_flag` >= 0));
INSERT INTO django_admin_log VALUES(1,'2020-11-06 17:43:09.882881','1','admin','[{`added`: {}}]',3,'flalonso17@esei.uvigo.es',1);
INSERT INTO django_admin_log VALUES(2,'2020-11-06 17:43:16.106083','2','customers','[{`added`: {}}]',3,'flalonso17@esei.uvigo.es',1);
INSERT INTO django_admin_log VALUES(3,'2020-11-06 17:43:21.852939','3','trainers','[{`added`: {}}]',3,'flalonso17@esei.uvigo.es',1);
INSERT INTO django_admin_log VALUES(4,'2020-11-28 12:55:07.390265','2','Tarifas','[{`added`: {}}]',6,'flalonso17@esei.uvigo.es',1);
INSERT INTO django_admin_log VALUES(5,'2020-11-28 12:59:31.227538','2','Tarifas','[{`changed`: {`fields`: [`Contenido`]}}]',6,'flalonso17@esei.uvigo.es',2);
INSERT INTO django_admin_log VALUES(6,'2020-11-28 13:01:25.629357','2','Tarifas','[{`changed`: {`fields`: [`Contenido`]}}]',6,'flalonso17@esei.uvigo.es',2);
CREATE TABLE IF NOT EXISTS `django_content_type` (`id` integer NOT NULL PRIMARY KEY AUTO_INCREMENT, `app_label` varchar(100) NOT NULL, `model` varchar(100) NOT NULL);
INSERT INTO django_content_type VALUES(1,'admin','logentry');
INSERT INTO django_content_type VALUES(2,'auth','permission');
INSERT INTO django_content_type VALUES(3,'auth','group');
INSERT INTO django_content_type VALUES(4,'contenttypes','contenttype');
INSERT INTO django_content_type VALUES(5,'sessions','session');
INSERT INTO django_content_type VALUES(6,'pages','page');
INSERT INTO django_content_type VALUES(7,'user','user');
INSERT INTO django_content_type VALUES(8,'user','tariff');
INSERT INTO django_content_type VALUES(9,'user','record');
INSERT INTO django_content_type VALUES(10,'user','image');
INSERT INTO django_content_type VALUES(11,'diet','aliment');
INSERT INTO django_content_type VALUES(12,'diet','diettype');
INSERT INTO django_content_type VALUES(13,'diet','meal');
INSERT INTO django_content_type VALUES(14,'diet','diet');
INSERT INTO django_content_type VALUES(15,'payment','payment');
INSERT INTO django_content_type VALUES(16,'training','training');
INSERT INTO django_content_type VALUES(17,'training','exercise');
INSERT INTO django_content_type VALUES(18,'training','practice');
INSERT INTO django_content_type VALUES(19,'diet','alimentuser');
INSERT INTO django_content_type VALUES(20,'diet','mealuser');
INSERT INTO django_content_type VALUES(21,'chat','chat');
CREATE TABLE IF NOT EXISTS `auth_group_permissions` (`id` integer NOT NULL PRIMARY KEY AUTO_INCREMENT, `group_id` integer NOT NULL REFERENCES `auth_group` (`id`), `permission_id` integer NOT NULL REFERENCES `auth_permission` (`id`));
INSERT INTO auth_group_permissions VALUES(1,1,2);
INSERT INTO auth_group_permissions VALUES(2,1,3);
INSERT INTO auth_group_permissions VALUES(3,1,4);
INSERT INTO auth_group_permissions VALUES(4,1,5);
INSERT INTO auth_group_permissions VALUES(5,1,6);
INSERT INTO auth_group_permissions VALUES(6,1,7);
INSERT INTO auth_group_permissions VALUES(7,1,8);
INSERT INTO auth_group_permissions VALUES(8,1,9);
INSERT INTO auth_group_permissions VALUES(9,1,10);
INSERT INTO auth_group_permissions VALUES(10,1,11);
INSERT INTO auth_group_permissions VALUES(11,1,12);
INSERT INTO auth_group_permissions VALUES(12,1,13);
INSERT INTO auth_group_permissions VALUES(13,1,14);
INSERT INTO auth_group_permissions VALUES(14,1,15);
INSERT INTO auth_group_permissions VALUES(15,1,16);
INSERT INTO auth_group_permissions VALUES(16,1,17);
INSERT INTO auth_group_permissions VALUES(17,1,18);
INSERT INTO auth_group_permissions VALUES(18,1,19);
INSERT INTO auth_group_permissions VALUES(19,1,20);
INSERT INTO auth_group_permissions VALUES(20,1,21);
INSERT INTO auth_group_permissions VALUES(21,1,22);
INSERT INTO auth_group_permissions VALUES(22,1,23);
INSERT INTO auth_group_permissions VALUES(23,1,24);
INSERT INTO auth_group_permissions VALUES(24,1,25);
INSERT INTO auth_group_permissions VALUES(25,1,26);
INSERT INTO auth_group_permissions VALUES(26,1,27);
INSERT INTO auth_group_permissions VALUES(27,1,28);
INSERT INTO auth_group_permissions VALUES(28,1,29);
INSERT INTO auth_group_permissions VALUES(29,1,30);
INSERT INTO auth_group_permissions VALUES(30,1,31);
INSERT INTO auth_group_permissions VALUES(31,1,32);
INSERT INTO auth_group_permissions VALUES(32,1,33);
INSERT INTO auth_group_permissions VALUES(33,1,34);
INSERT INTO auth_group_permissions VALUES(34,1,35);
INSERT INTO auth_group_permissions VALUES(35,1,36);
INSERT INTO auth_group_permissions VALUES(36,1,37);
INSERT INTO auth_group_permissions VALUES(37,1,38);
INSERT INTO auth_group_permissions VALUES(38,1,39);
INSERT INTO auth_group_permissions VALUES(39,1,40);
INSERT INTO auth_group_permissions VALUES(40,1,41);
INSERT INTO auth_group_permissions VALUES(41,1,42);
INSERT INTO auth_group_permissions VALUES(42,1,43);
INSERT INTO auth_group_permissions VALUES(43,1,44);
INSERT INTO auth_group_permissions VALUES(44,1,45);
INSERT INTO auth_group_permissions VALUES(45,1,46);
INSERT INTO auth_group_permissions VALUES(46,1,47);
INSERT INTO auth_group_permissions VALUES(47,1,48);
INSERT INTO auth_group_permissions VALUES(48,1,49);
INSERT INTO auth_group_permissions VALUES(49,1,50);
INSERT INTO auth_group_permissions VALUES(50,1,51);
INSERT INTO auth_group_permissions VALUES(51,1,52);
INSERT INTO auth_group_permissions VALUES(52,1,53);
INSERT INTO auth_group_permissions VALUES(53,1,54);
INSERT INTO auth_group_permissions VALUES(54,1,55);
INSERT INTO auth_group_permissions VALUES(55,1,56);
INSERT INTO auth_group_permissions VALUES(56,1,57);
INSERT INTO auth_group_permissions VALUES(57,1,58);
INSERT INTO auth_group_permissions VALUES(58,1,59);
INSERT INTO auth_group_permissions VALUES(59,1,60);
INSERT INTO auth_group_permissions VALUES(60,1,61);
INSERT INTO auth_group_permissions VALUES(61,1,62);
INSERT INTO auth_group_permissions VALUES(62,1,63);
INSERT INTO auth_group_permissions VALUES(63,1,64);
INSERT INTO auth_group_permissions VALUES(64,1,65);
INSERT INTO auth_group_permissions VALUES(65,1,66);
INSERT INTO auth_group_permissions VALUES(66,1,67);
INSERT INTO auth_group_permissions VALUES(67,1,68);
INSERT INTO auth_group_permissions VALUES(68,1,69);
INSERT INTO auth_group_permissions VALUES(69,1,70);
INSERT INTO auth_group_permissions VALUES(70,1,71);
CREATE TABLE IF NOT EXISTS `auth_permission` (`id` integer NOT NULL PRIMARY KEY AUTO_INCREMENT, `content_type_id` integer NOT NULL REFERENCES `django_content_type` (`id`), `codename` varchar(100) NOT NULL, `name` varchar(255) NOT NULL);
INSERT INTO auth_permission VALUES(1,1,'add_logentry','Can add log entry');
INSERT INTO auth_permission VALUES(2,1,'change_logentry','Can change log entry');
INSERT INTO auth_permission VALUES(3,1,'delete_logentry','Can delete log entry');
INSERT INTO auth_permission VALUES(4,1,'view_logentry','Can view log entry');
INSERT INTO auth_permission VALUES(5,2,'add_permission','Can add permission');
INSERT INTO auth_permission VALUES(6,2,'change_permission','Can change permission');
INSERT INTO auth_permission VALUES(7,2,'delete_permission','Can delete permission');
INSERT INTO auth_permission VALUES(8,2,'view_permission','Can view permission');
INSERT INTO auth_permission VALUES(9,3,'add_group','Can add group');
INSERT INTO auth_permission VALUES(10,3,'change_group','Can change group');
INSERT INTO auth_permission VALUES(11,3,'delete_group','Can delete group');
INSERT INTO auth_permission VALUES(12,3,'view_group','Can view group');
INSERT INTO auth_permission VALUES(13,4,'add_contenttype','Can add content type');
INSERT INTO auth_permission VALUES(14,4,'change_contenttype','Can change content type');
INSERT INTO auth_permission VALUES(15,4,'delete_contenttype','Can delete content type');
INSERT INTO auth_permission VALUES(16,4,'view_contenttype','Can view content type');
INSERT INTO auth_permission VALUES(17,5,'add_session','Can add session');
INSERT INTO auth_permission VALUES(18,5,'change_session','Can change session');
INSERT INTO auth_permission VALUES(19,5,'delete_session','Can delete session');
INSERT INTO auth_permission VALUES(20,5,'view_session','Can view session');
INSERT INTO auth_permission VALUES(21,6,'add_page','Can add Pagina');
INSERT INTO auth_permission VALUES(22,6,'change_page','Can change Pagina');
INSERT INTO auth_permission VALUES(23,6,'delete_page','Can delete Pagina');
INSERT INTO auth_permission VALUES(24,6,'view_page','Can view Pagina');
INSERT INTO auth_permission VALUES(25,7,'add_user','Can add user');
INSERT INTO auth_permission VALUES(26,7,'change_user','Can change user');
INSERT INTO auth_permission VALUES(27,7,'delete_user','Can delete user');
INSERT INTO auth_permission VALUES(28,7,'view_user','Can view user');
INSERT INTO auth_permission VALUES(29,8,'add_tariff','Can add Tarifa');
INSERT INTO auth_permission VALUES(30,8,'change_tariff','Can change Tarifa');
INSERT INTO auth_permission VALUES(31,8,'delete_tariff','Can delete Tarifa');
INSERT INTO auth_permission VALUES(32,8,'view_tariff','Can view Tarifa');
INSERT INTO auth_permission VALUES(33,9,'add_record','Can add Ficha Técnica Usuario');
INSERT INTO auth_permission VALUES(34,9,'change_record','Can change Ficha Técnica Usuario');
INSERT INTO auth_permission VALUES(35,9,'delete_record','Can delete Ficha Técnica Usuario');
INSERT INTO auth_permission VALUES(36,9,'view_record','Can view Ficha Técnica Usuario');
INSERT INTO auth_permission VALUES(37,10,'add_image','Can add image');
INSERT INTO auth_permission VALUES(38,10,'change_image','Can change image');
INSERT INTO auth_permission VALUES(39,10,'delete_image','Can delete image');
INSERT INTO auth_permission VALUES(40,10,'view_image','Can view image');
INSERT INTO auth_permission VALUES(41,11,'add_aliment','Can add Alimento');
INSERT INTO auth_permission VALUES(42,11,'change_aliment','Can change Alimento');
INSERT INTO auth_permission VALUES(43,11,'delete_aliment','Can delete Alimento');
INSERT INTO auth_permission VALUES(44,11,'view_aliment','Can view Alimento');
INSERT INTO auth_permission VALUES(45,12,'add_diettype','Can add Tipo Dieta');
INSERT INTO auth_permission VALUES(46,12,'change_diettype','Can change Tipo Dieta');
INSERT INTO auth_permission VALUES(47,12,'delete_diettype','Can delete Tipo Dieta');
INSERT INTO auth_permission VALUES(48,12,'view_diettype','Can view Tipo Dieta');
INSERT INTO auth_permission VALUES(49,13,'add_meal','Can add Comida');
INSERT INTO auth_permission VALUES(50,13,'change_meal','Can change Comida');
INSERT INTO auth_permission VALUES(51,13,'delete_meal','Can delete Comida');
INSERT INTO auth_permission VALUES(52,13,'view_meal','Can view Comida');
INSERT INTO auth_permission VALUES(53,14,'add_diet','Can add Dieta');
INSERT INTO auth_permission VALUES(54,14,'change_diet','Can change Dieta');
INSERT INTO auth_permission VALUES(55,14,'delete_diet','Can delete Dieta');
INSERT INTO auth_permission VALUES(56,14,'view_diet','Can view Dieta');
INSERT INTO auth_permission VALUES(57,15,'add_payment','Can add Pago');
INSERT INTO auth_permission VALUES(58,15,'change_payment','Can change Pago');
INSERT INTO auth_permission VALUES(59,15,'delete_payment','Can delete Pago');
INSERT INTO auth_permission VALUES(60,15,'view_payment','Can view Pago');
INSERT INTO auth_permission VALUES(61,16,'add_training','Can add Entrenamiento');
INSERT INTO auth_permission VALUES(62,16,'change_training','Can change Entrenamiento');
INSERT INTO auth_permission VALUES(63,16,'delete_training','Can delete Entrenamiento');
INSERT INTO auth_permission VALUES(64,16,'view_training','Can view Entrenamiento');
INSERT INTO auth_permission VALUES(65,17,'add_exercise','Can add Ejercicio');
INSERT INTO auth_permission VALUES(66,17,'change_exercise','Can change Ejercicio');
INSERT INTO auth_permission VALUES(67,17,'delete_exercise','Can delete Ejercicio');
INSERT INTO auth_permission VALUES(68,17,'view_exercise','Can view Ejercicio');
INSERT INTO auth_permission VALUES(69,18,'add_practice','Can add practice');
INSERT INTO auth_permission VALUES(70,18,'change_practice','Can change practice');
INSERT INTO auth_permission VALUES(71,18,'delete_practice','Can delete practice');
INSERT INTO auth_permission VALUES(72,18,'view_practice','Can view practice');
INSERT INTO auth_permission VALUES(73,19,'add_alimentuser','Can add aliment user');
INSERT INTO auth_permission VALUES(74,19,'change_alimentuser','Can change aliment user');
INSERT INTO auth_permission VALUES(75,19,'delete_alimentuser','Can delete aliment user');
INSERT INTO auth_permission VALUES(76,19,'view_alimentuser','Can view aliment user');
INSERT INTO auth_permission VALUES(77,20,'add_mealuser','Can add meal user');
INSERT INTO auth_permission VALUES(78,20,'change_mealuser','Can change meal user');
INSERT INTO auth_permission VALUES(79,20,'delete_mealuser','Can delete meal user');
INSERT INTO auth_permission VALUES(80,20,'view_mealuser','Can view meal user');
INSERT INTO auth_permission VALUES(81,21,'add_chat','Can add Chat');
INSERT INTO auth_permission VALUES(82,21,'change_chat','Can change Chat');
INSERT INTO auth_permission VALUES(83,21,'delete_chat','Can delete Chat');
INSERT INTO auth_permission VALUES(84,21,'view_chat','Can view Chat');
CREATE TABLE IF NOT EXISTS `auth_group` (`id` integer NOT NULL PRIMARY KEY AUTO_INCREMENT, `name` varchar(150) NOT NULL UNIQUE);
INSERT INTO auth_group VALUES(1,'Administradores');
INSERT INTO auth_group VALUES(2,'Clientes');
INSERT INTO auth_group VALUES(3,'Entrenadores');
CREATE TABLE IF NOT EXISTS `pages_page` (`id` integer NOT NULL PRIMARY KEY AUTO_INCREMENT, `name` varchar(50) NOT NULL, `content` text NOT NULL, `public` bool NOT NULL, `order` integer NOT NULL, `slug` varchar(100) NOT NULL UNIQUE);
INSERT INTO pages_page VALUES(1,'Servicios',replace(replace('<section class=`section-services`>\r\n\r\n		<div class=`container`>\r\n\r\n			<div class=`row justify-content-center text-center`>\r\n\r\n				<div class=`col-md-10 col-lg-8`>\r\n\r\n					<div class=`header-section`>\r\n\r\n						<h2 class=`title`>Servicios <span>Exclusivos</span></h2>\r\n\r\n						<p class=`description`>Se ofrecen servicios de entrenamiento y dietas a medida para alcanzar tus objetivos físicos</p>\r\n\r\n					</div>\r\n\r\n				</div>\r\n\r\n			</div>\r\n\r\n			<div class=`row`>\r\n\r\n				<!-- Start Single Service -->\r\n\r\n				<div class=`col-md-6 col-lg-4`>\r\n\r\n					<div class=`single-service`>\r\n\r\n						<div class=`part-1`>\r\n\r\n							<i class=`material-icons`>assignment</i>\r\n\r\n							<h3 class=`title`>Dieta Personalizada</h3>\r\n\r\n						</div>\r\n\r\n						<div class=`part-2`>\r\n\r\n							<p class=`description`>El usuario tiene acceso a una dieta personalizada de acuerdo con sus restricciones calóricas y objetivos a conseguir</p>\r\n\r\n							\r\n\r\n						</div>\r\n\r\n					</div>\r\n\r\n				</div>\r\n\r\n				<!-- / End Single Service -->\r\n\r\n				<!-- Start Single Service -->\r\n\r\n				<div class=`col-md-6 col-lg-4`>\r\n\r\n					<div class=`single-service`>\r\n\r\n						<div class=`part-1`>\r\n\r\n							<i class=`material-icons`>perm_contact_calendar</i>\r\n\r\n							<h3 class=`title`>Asignación de Entrenador</h3>\r\n\r\n						</div>\r\n\r\n						<div class=`part-2`>\r\n\r\n							<p class=`description`>Cada usuario tiene asignado un entrenador para llevar su dieta</p>\r\n\r\n							\r\n\r\n						</div>\r\n\r\n					</div>\r\n\r\n				</div>\r\n\r\n				<!-- / End Single Service -->\r\n\r\n				<!-- Start Single Service -->\r\n\r\n				<div class=`col-md-6 col-lg-4`>\r\n\r\n					<div class=`single-service`>\r\n\r\n						<div class=`part-1`>\r\n\r\n							<i class=`material-icons`>chat_bubble_outline</i>\r\n\r\n							<h3 class=`title`>Chat</h3>\r\n\r\n						</div>\r\n\r\n						<div class=`part-2`>\r\n\r\n							<p class=`description`>Está disponible un chat para comunicarse con el entrenador asignado</p>\r\n\r\n							\r\n\r\n						</div>\r\n\r\n					</div>\r\n\r\n				</div>\r\n\r\n				<!-- / End Single Service -->\r\n\r\n				<!-- Start Single Service -->\r\n\r\n				<div class=`col-md-6 col-lg-4`>\r\n\r\n					<div class=`single-service`>\r\n\r\n						<div class=`part-1`>\r\n\r\n							<i class=`material-icons`>fitness_center</i>\r\n\r\n							<h3 class=`title`>Entrenamientos Personalizados</h3>\r\n\r\n						</div>\r\n\r\n						<div class=`part-2`>\r\n\r\n							<p class=`description`>El cliente dispone de entrenamientos personalizados de acuerdo a sus preferencias y deportes que practica</p>\r\n\r\n							\r\n\r\n						</div>\r\n\r\n					</div>\r\n\r\n				</div>\r\n\r\n				<!-- / End Single Service -->\r\n\r\n				<!-- Start Single Service -->\r\n\r\n				<div class=`col-md-6 col-lg-4`>\r\n\r\n					<div class=`single-service`>\r\n\r\n						<div class=`part-1`>\r\n\r\n							<i class=`material-icons`>equalizer</i>\r\n\r\n							<h3 class=`title`>Seguimiento Gráfico de tu Evolución</h3>\r\n\r\n						</div>\r\n\r\n						<div class=`part-2`>\r\n\r\n							<p class=`description`>El cliente tiene acceso a un seguimiento de su evolución en términos de cuánto pero ha ganado/perdido</p>\r\n\r\n							\r\n\r\n						</div>\r\n\r\n					</div>\r\n\r\n				</div>\r\n\r\n				<!-- / End Single Service -->\r\n\r\n				<!-- Start Single Service -->\r\n\r\n				<div class=`col-md-6 col-lg-4`>\r\n\r\n					<div class=`single-service`>\r\n\r\n						<div class=`part-1`>\r\n\r\n							<i class=`material-icons`>restaurant</i>\r\n\r\n							<h3 class=`title`>Adaptación de la Dieta a tus Preferencias Alimenticias</h3>\r\n\r\n						</div>\r\n\r\n						<div class=`part-2`>\r\n\r\n							<p class=`description`>El cliente tiene libertad a la hora de decidir cuándo y cómo comer siempre y cuando se respeten las restricciones impuestas por el entrenador </p>\r\n\r\n							\r\n\r\n						</div>\r\n\r\n					</div>\r\n\r\n				</div>\r\n\r\n				<!-- / End Single Service -->\r\n\r\n			</div>\r\n\r\n		</div>\r\n\r\n	</section>','\r',char(13)),'\n',char(10)),1,2,'servicios');
INSERT INTO pages_page VALUES(2,'Tarifas',replace(replace('<div class=`columns`>\r\n            <ul class=`price`>\r\n                <li class=`header`>Trimestral</li>\r\n                <li class=`grey`>59.99 €/mes</li>\r\n                <li>Entrenamientos Personalizados</li>\r\n                <li>Dietas Personalizadas</li>\r\n                <li>Contacto vía chat con el entrenador</li>\r\n                <li>Seguimiento gráfico de resultados</li>\r\n                <li class=`grey`><a href=`../login/` class=`button`>Contratar</a></li>\r\n            </ul>\r\n            </div>\r\n<div class=`columns`>\r\n            <ul class=`price`>\r\n                <li class=`header`>Semestral</li>\r\n                <li class=`grey`>49.99 €/mes</li>\r\n                <li>Entrenamientos Personalizados</li>\r\n                <li>Dietas Personalizadas</li>\r\n                <li>Contacto vía chat con el entrenador</li>\r\n                <li>Seguimiento gráfico de resultados</li>\r\n                <li class=`grey`><a href=`../login/` class=`button`>Contratar</a></li>\r\n            </ul>\r\n            </div>\r\n\r\n<div class=`columns`>\r\n            <ul class=`price`>\r\n                <li class=`header`>Anual</li>\r\n                <li class=`grey`>39.99 €/mes</li>\r\n                <li>Entrenamientos Personalizados</li>\r\n                <li>Dietas Personalizadas</li>\r\n                <li>Contacto vía chat con el entrenador</li>\r\n                <li>Seguimiento gráfico de resultados</li>\r\n                <li class=`grey`><a href=`../login/` class=`button`>Contratar</a></li>\r\n            </ul>\r\n            </div>','\r',char(13)),'\n',char(10)),1,2,'tarifas');
CREATE TABLE IF NOT EXISTS `django_session` (`session_key` varchar(40) NOT NULL PRIMARY KEY, `session_data` text NOT NULL, `expire_date` datetime NOT NULL);
INSERT INTO django_session VALUES('hcm7pgu3wxmv02d8v1q93dn3yjdqyy0j','.eJxVzk0OwiAQhuG7sDaEf4or494zNANMLVohKa0b490tsQtdzzNvvhfpYV3Gfq049ymSIxkmmEquhdsTVkx0faZroVjJ4Zd6CHfMzccb5A2Ekpc5edoI3a-VXkrE6bzbv8AIddy-OzZYo4WLBqSKceCcOWBcWxusk8qzAIZp643UimP0WkiG2AllBQp0bou2XIYHtu0zQIbvfvL-APZSSP8:1kfmkb:AabVnb5R87LORM-pwvectHzDsIuF6xxUZ6InlL49LFw','2020-12-03 16:25:37.684017');
INSERT INTO django_session VALUES('wqvhvjogiteljknydrlkyrbn8cz92db7','.eJxVzLsOwjAMheF3yYwiegmpmRA7z1DZsUPLJUFJOyDEu9OIDjB58H--l-pxnoZ-zpL6kdVePdIshIfv0ZLV5jchdFcJpeMLhnPULoYpjaRLotdv1qfIcjuu7R8wYB7K2tZE3gN770gceiMgddMBVAZaU4mjrsXGevIAUiHvuHaWGU1ntmDbBS1cwLss2jOq9weDHUSR:1koubP:edQzYwW9wLVhs_m291EZYJjLKEpns3bgR3KB7loZ_G8','2020-12-28 20:37:51.042152');
INSERT INTO django_session VALUES('s9giknf17qukljoda27elrgoe4rbtiui','.eJxVzkEOwiAQheG7sDZEOlNoXRn3nqEZYLBohaS0box3t0QXup5v_rynGGhdxmEtPA_Ri4MIE005lazMkQtHuT7iJUsuYvdLLbkbp-r9ldIGXE7LHK2sRH6vRZ6z5-n0tX-Bkcq4fXcOwJGy2na67y0DG8uKdGsMIGjaBwT2feMdmuANo0GCBm2HKiC3aovWXKI71-0zUaLPfvF6AzunSfg:1ktBX2:tpw5xpd4ghFtN2ZPHLlVvnXEe6_z6RXEHFOXBskOy0o','2021-01-09 15:31:00.532958');
INSERT INTO django_session VALUES('6wvm6e8673y9t7tippv9bcc01kxtkg52','.eJxVjjsOwjAQRO_iGlmOE_-oED1niDbrNQkfW7LjCnF3YpQCqinmzdO82Ah1ncdaKI-LZ0dWS4W8pNOenAo7_EIT4J1iI_0N4jVxTHHNy8Qbwve28Evy9Djv7J9ghjJva4nBeG0sWeondG5QWisbrFHCIkjyAgbhMJD0aFwInegAFIKTyjjs7SZtughP-r6m3LH3B9AbRYY:1kwNKe:eXSvPiSCoZBluiD9a4GVSoWAZWnbUfy9qMmrYsb6LFw','2021-01-18 10:43:24.067363');
INSERT INTO django_session VALUES('1msbdpv44yyg3wp99447rpnd8n62fcor','.eJxVzk0KwjAQhuG7ZC2BhoRMXIl7z1DmJ2mjbQpNuxLvroEKup5nXr6n6nHfxn6vce2zqLPiKcdyGWbMk45VnX4BIT9iaUruWIZF81K2NZNuRB_Xqm-LxOl62L_AiHX8fEPyhoPznjwCMQlYRuMlOWPId9ZCYAihc5IEfIoOyDlhRGfZCrRoyxWc43fx1qnXG9oPRLQ:1kwSif:YES5Lis6FJhWmaXjEsC8eIKbATJnEVlRVa_MpLmOR1Q','2021-01-18 16:28:33.472628');
INSERT INTO django_session VALUES('ekv4ud48vu3yenlocmpuqce18tg0zknz','.eJxVzk0KwjAQhuG7ZC2BhoRMXIl7z1DmJ2mjbQpNuxLvroEKup5nXr6n6nHfxn6vce2zqLPiKcdyGWbMk45VnX4BIT9iaUruWIZF81K2NZNuRB_Xqm-LxOl62L_AiHX8fEPyhoPznjwCMQlYRuMlOWPId9ZCYAihc5IEfIoOyDlhRGfZCrRoyxWc43fx1qnXG9oPRLQ:1kx63J:13_PQaXXP0UXLcHbeS99P4nKsmAzNGg0u5Ma8TolyRA','2021-01-20 10:28:29.140900');
INSERT INTO django_session VALUES('avkanla2vwv20fi4nfy1iryiaujrvgyp','.eJxVzLsOwjAMheF3yYwiegmpmRA7z1DZsUPLJUFJOyDEu9OIDjB58H--l-pxnoZ-zpL6kdVePdIshIfv0ZLV5jchdFcJpeMLhnPULoYpjaRLotdv1qfIcjuu7R8wYB7K2tZE3gN770gceiMgddMBVAZaU4mjrsXGevIAUiHvuHaWGU1ntmDbBS1cwLss2jOq9weDHUSR:1kx6zl:YabuF0W8_s7X3efSwdFboKlV0jonoZqxOqkGQiuwrgI','2021-01-20 11:28:53.087895');
INSERT INTO django_session VALUES('wfl2j0kvkkotnugrxix2ipttxncmt16m','.eJxVzkEOwiAQheG7sDZEOlNoXRn3nqEZYLBohaS0box3t0QXup5v_rynGGhdxmEtPA_Ri4MIE005lazMkQtHuT7iJUsuYvdLLbkbp-r9ldIGXE7LHK2sRH6vRZ6z5-n0tX-Bkcq4fXcOwJGy2na67y0DG8uKdGsMIGjaBwT2feMdmuANo0GCBm2HKiC3aovWXKI71-0zUaLPfvF6AzunSfg:1kxywt:mlakV832wuAHbGB2m8Th4Tt35IYPjJGFUrjNlWDJwzc','2021-01-22 21:05:31.915184');
INSERT INTO django_session VALUES('id865w5ud8aeeaf2b187hx9ramnc5dg1','.eJx9j0EOwiAURO_C2hApv9C6Mu49Q_OBj0UrJKV1Y7y7ELvQjet58zLzZAOuyzismeYhOHZgfsIpxZyEPlKmwNdHuCROme2-UYP2RrHy7oqxADbFZQ6GV4Rvaebn5Gg6beyPYMQ8lnZnpbQojDKd6ntDkrQhgarVWoJUuPcgyfWNs6C90wQaUDZgOhAeqBVFWnUR71S3z4gRP_tLQncM079LrzcmBVX4:1l0rf6:7QpsqGVQvFR9i304B_g7r6BjJY0q7pxs5mCm1JMhs3U','2021-01-30 19:55:04.139664');
CREATE TABLE IF NOT EXISTS `training_training_exercise` (`id` integer NOT NULL PRIMARY KEY AUTO_INCREMENT, `training_id` integer NOT NULL REFERENCES `training_training` (`id`), `exercise_id` integer NOT NULL REFERENCES `training_exercise` (`id`));
INSERT INTO training_training_exercise VALUES(2,3,2);
INSERT INTO training_training_exercise VALUES(3,3,3);
INSERT INTO training_training_exercise VALUES(6,3,4);
INSERT INTO training_training_exercise VALUES(14,16,2);
INSERT INTO training_training_exercise VALUES(18,16,4);
INSERT INTO training_training_exercise VALUES(19,16,3);
INSERT INTO training_training_exercise VALUES(49,23,2);
INSERT INTO training_training_exercise VALUES(51,24,2);
CREATE TABLE IF NOT EXISTS `diet_diettype` (`id` integer NOT NULL PRIMARY KEY AUTO_INCREMENT, `name` varchar(50) NOT NULL, `description` text NOT NULL, `hc_percentage` varchar(3) NOT NULL, `pr_percentage` varchar(3) NOT NULL, `gr_percentage` varchar(3) NOT NULL);
INSERT INTO diet_diettype VALUES(1,'Cetogenica','aaaa','20','12','50');
INSERT INTO diet_diettype VALUES(2,'Alta en Hidratos','Dieta cuyo contenido de energía rápida es alta','55','20','25');
INSERT INTO diet_diettype VALUES(6,'aa','aaaa','21','21','58');
CREATE TABLE IF NOT EXISTS `payment_payment` (`id` integer NOT NULL PRIMARY KEY AUTO_INCREMENT, `description` varchar(150) NOT NULL, `initial_date` date NOT NULL, `dead_line` date NOT NULL, `id_client_id` varchar(255) NOT NULL REFERENCES `user_user` (`email`), `quantity` real NOT NULL);
INSERT INTO payment_payment VALUES(3,'Semestral','2020-11-06','2020-11-23','alonso@alonso.es',2.0);
INSERT INTO payment_payment VALUES(8,'Semestral','2020-12-06','2021-06-06','prueba@prueba.es',11.939999999999999502);
INSERT INTO payment_payment VALUES(10,'Semestral','2020-12-26','2021-06-26','fraloal97@outlook.es',11.939999999999999502);
INSERT INTO payment_payment VALUES(11,'Semestral','2021-01-04','2021-01-04','clien@gmail.es',11.939999999999999502);
INSERT INTO payment_payment VALUES(20,'Pago','2021-01-07','2022-01-07','clien@gmail.es',479.87999999999999545);
INSERT INTO payment_payment VALUES(30,'Pago','2021-01-16','2021-04-16','paco150997@hotmail.com',179.96999999999999886);
CREATE TABLE IF NOT EXISTS `diet_mealuser` (`id` integer NOT NULL PRIMARY KEY AUTO_INCREMENT, `day` date NOT NULL, `comments` text NOT NULL, `diet_id` integer NOT NULL REFERENCES `diet_diet` (`id`), `meal_id` integer NOT NULL REFERENCES `diet_meal` (`id`), `user_id` varchar(255) NOT NULL REFERENCES `user_user` (`email`), `meal_number` integer NOT NULL);
INSERT INTO diet_mealuser VALUES(23,'2021-01-06','<p>wefcwecfe</p>',12,2,'prueba@prueba.es',4);
INSERT INTO diet_mealuser VALUES(28,'2021-01-07','cdvcevcev',12,6,'prueba@prueba.es',2);
INSERT INTO diet_mealuser VALUES(29,'2021-01-08','xsxs',12,6,'prueba@prueba.es',1);
INSERT INTO diet_mealuser VALUES(30,'2021-01-08','wqsxqx',12,4,'prueba@prueba.es',2);
INSERT INTO diet_mealuser VALUES(31,'2021-01-04','aaaa',14,6,'prueba@prueba.es',1);
INSERT INTO diet_mealuser VALUES(35,'2021-01-05','Lorem Ipsum is simply dummy text of the printing and typesetting industry. Lorem Ipsum has been the industry''s standard dummy text ever since the 1500s, when an unknown printer took a galley of type and scrambled it to make a type specimen book. It has',12,6,'prueba@prueba.es',2);
INSERT INTO diet_mealuser VALUES(36,'2021-01-06','Lorem Ipsum is simply dummy text of the printing and typesetting industry. Lorem Ipsum has been the industry''s standard dummy text ever since the 1500s, when an unknown printer took a galley of type and scrambled it to make a type specimen book. It has',12,4,'prueba@prueba.es',2);
INSERT INTO diet_mealuser VALUES(37,'2021-01-04','Lorem Ipsum is simply dummy text of the printing and typesetting industry. Lorem Ipsum has been the industry''s standard dummy text ever since the 1500s,',12,6,'prueba@prueba.es',2);
INSERT INTO diet_mealuser VALUES(40,'2020-12-28','ntgnhnh',13,6,'alonso@alonso.es',2);
INSERT INTO diet_mealuser VALUES(41,'2020-12-28','erdver',13,3,'alonso@alonso.es',2);
INSERT INTO diet_mealuser VALUES(43,'2020-12-28','vrfv rfv',13,2,'alonso@alonso.es',2);
INSERT INTO diet_mealuser VALUES(44,'2021-01-13','cdscds',24,4,'clien@gmail.es',1);
INSERT INTO diet_mealuser VALUES(46,'2021-01-07','sssss',28,2,'prueba@prueba.es',2);
INSERT INTO diet_mealuser VALUES(47,'2021-01-07','trgtrf',28,2,'prueba@prueba.es',2);
CREATE TABLE IF NOT EXISTS `user_image` (`id` integer NOT NULL PRIMARY KEY AUTO_INCREMENT, `description` text NOT NULL, `image` varchar(100) NOT NULL, `fecha_subida` date NOT NULL, `peso` integer NOT NULL);
INSERT INTO user_image VALUES(1,'dwddw','profile-photos/2020-10-20_2.png','2020-12-08',70);
INSERT INTO user_image VALUES(3,'fqefe','profile-photos/chus.PNG','2020-12-08',70);
INSERT INTO user_image VALUES(9,'Este es Lolo Ramos, el trueno de Carbia','profile-photos/2020-10-20_2_3od4AiS.png','2020-12-08',70);
INSERT INTO user_image VALUES(12,'´ÑÑÑ','profile-photos/2020-10-20_2_bXi9nj7.png','2020-12-08',70);
INSERT INTO user_image VALUES(23,'survived not only five centuries, but also the leap into electronic typesetting, remaining essentially unchanged. It was popularised in the 1960s with the release of Letraset sheets containing Lorem Ipsum passages, and more recently with desktop publishing software like Aldus PageMaker including versions of Lorem Ipsum.','profile-photos/Me_3IXcIGH.jpg','2020-12-08',70);
CREATE TABLE IF NOT EXISTS `training_exercise` (`id` integer NOT NULL PRIMARY KEY AUTO_INCREMENT, `name` varchar(20) NOT NULL, `description` text NOT NULL, `image` varchar(100) NOT NULL, `video` varchar(100) NOT NULL, `categoria` varchar(20) NOT NULL);
INSERT INTO training_exercise VALUES(2,'Push-ups','They work the triceps, pectoral muscles, and shoulders. When done with proper form, they can also strengthen the lower back and core by engaging (pulling in) the abdominal muscles. Pushups are a fast and effective exercise for building strength.','exercise-photos/background.PNG','exercise-videos/Computer.mp4','Calentamiento');
INSERT INTO training_exercise VALUES(3,'Servicios','aaaaaa','exercise-photos/profile_pic.jpg','exercise-videos/Analists_-_3_wFhzIDG.mp4','Calentamiento');
INSERT INTO training_exercise VALUES(4,'aaaaaa','aaaaaa','exercise-photos/DCC.vpd_nTMKXXX.png','exercise-videos/Clip_Transportes_dDodgoq.mp4','Calentamiento');
INSERT INTO training_exercise VALUES(8,'vrvfvgrfbg','vrvr','exercise-photos/Captura.PNG','exercise-videos/Analists_-_3_M5EE3uL.mp4','Calentamiento');
CREATE TABLE IF NOT EXISTS `chat_chat` (`id` integer NOT NULL PRIMARY KEY AUTO_INCREMENT, `content` mediumtext, `emisor_id` varchar(255) NOT NULL REFERENCES `user_user` (`email`), `receptor_id` varchar(255) NOT NULL REFERENCES `user_user` (`email`), `date` datetime NOT NULL);
INSERT INTO chat_chat VALUES(15,'hhhh','flalonso17@esei.uvigo.es','alonso@alonso.es','2020-12-14 20:05:35.265079');
INSERT INTO chat_chat VALUES(16,'hhhh','flalonso17@esei.uvigo.es','alonso@alonso.es','2020-12-14 20:05:38.314851');
INSERT INTO chat_chat VALUES(17,'hhhh','flalonso17@esei.uvigo.es','alonso@alonso.es','2020-12-14 20:05:40.642618');
INSERT INTO chat_chat VALUES(18,'fvfrvrfvfr','alonso@alonso.es','flalonso17@esei.uvigo.es','2020-12-14 20:06:40.642618');
INSERT INTO chat_chat VALUES(19,'scdscds','flalonso17@esei.uvigo.es','alonso@alonso.es','2020-12-14 20:33:25.926945');
INSERT INTO chat_chat VALUES(20,'ytnuynyu','flalonso17@esei.uvigo.es','alonso@alonso.es','2020-12-14 20:36:15.060766');
INSERT INTO chat_chat VALUES(21,'ecervcre','prueba@prueba.es','flalonso17@esei.uvigo.es','2020-12-14 20:37:15.882593');
INSERT INTO chat_chat VALUES(22,'vervefvev','prueba@prueba.es','flalonso17@esei.uvigo.es','2020-12-14 20:37:18.568331');
INSERT INTO chat_chat VALUES(23,'vfvfervervfr','prueba@prueba.es','flalonso17@esei.uvigo.es','2020-12-14 20:37:21.384048');
INSERT INTO chat_chat VALUES(24,'devfreverv','flalonso17@esei.uvigo.es','prueba@prueba.es','2020-12-14 20:37:37.074662');
INSERT INTO chat_chat VALUES(25,'ewcervre','prueba@prueba.es','flalonso17@esei.uvigo.es','2020-12-14 20:37:57.920971');
INSERT INTO chat_chat VALUES(26,'reverve','prueba@prueba.es','flalonso17@esei.uvigo.es','2020-12-14 20:38:00.648072');
INSERT INTO chat_chat VALUES(28,'Lorem Ipsum is simply dummy text of the printing and typesetting industry. Lorem Ipsum has been the industry''s standard dummy text ever since the 1500s, when an unknown printer took a galley of type and scrambled it to make a type specimen book. It has survived not only five centuries, but also the leap into electronic typesetting, remaining essentially','flalonso17@esei.uvigo.es','usuario@usuario.es','2020-12-14 20:48:07.249270');
INSERT INTO chat_chat VALUES(29,'Lorem Ipsum is simply dummy text of the printing and typesetting industry. Lorem Ipsum has been the industry''s standard dummy text ever since the 1500s, when an unknown printer took a galley of type and scrambled it to make a type specimen book. It has survived not only five centuries, but also the leap into electronic typesetting, remaining essentially','flalonso17@esei.uvigo.es','prueba@prueba.es','2020-12-14 20:48:37.351891');
INSERT INTO chat_chat VALUES(30,'Lorem Ipsum is simply dummy text of the printing and typesetting industry. Lorem Ipsum has been the industry''s standard dummy text ever since the 1500s, when an unknown printer took a galley of type and scrambled it to make a type specimen book. It has survived not only five centuries, but also the leap into electronic typesetting, remaining essentially','flalonso17@esei.uvigo.es','prueba@prueba.es','2020-12-14 20:48:41.945040');
INSERT INTO chat_chat VALUES(31,'aaaa','usuario@usuario.es','sete@gmail.es','2021-01-04 17:36:05.997307');
INSERT INTO chat_chat VALUES(32,'Hola','clien@gmail.es','usuario@usuario.es','2021-01-06 10:44:42.203954');
INSERT INTO chat_chat VALUES(33,'ytttb','clien@gmail.es','usuario@usuario.es','2021-01-06 11:03:53.959917');
INSERT INTO chat_chat VALUES(34,'lllll','usuario@usuario.es','prueba@prueba.es','2021-01-06 11:28:33.704047');
INSERT INTO chat_chat VALUES(35,'llll','usuario@usuario.es','prueba@prueba.es','2021-01-06 11:29:09.448056');
INSERT INTO chat_chat VALUES(36,'aaaa','flalonso17@esei.uvigo.es','usuario@usuario.es','2021-01-09 20:19:05.372022');
CREATE TABLE IF NOT EXISTS `training_practice` (`id` integer NOT NULL PRIMARY KEY AUTO_INCREMENT, `series` varchar(10) NULL, `stop` varchar(20) NULL, `exercise_id` integer NOT NULL REFERENCES `training_exercise` (`id`), `user_id` varchar(255) NOT NULL REFERENCES `user_user` (`email`), `comments` text NOT NULL, `day` varchar(20) NOT NULL, `training_id_id` integer NOT NULL REFERENCES `training_training` (`id`), `reps` varchar(120) NULL);
INSERT INTO training_practice VALUES(1,'3','1',2,'flalonso17@esei.uvigo.es','Si no puede hacer flexiones, utiliza las rodillas como punto de apoyo. A partir de ahí flexiona y extiende los brazos','2021-01-04',16,'12-10-8-');
INSERT INTO training_practice VALUES(40,'0','',2,'flalonso17@esei.uvigo.es','vdvfdev','2021-01-05',16,'');
INSERT INTO training_practice VALUES(41,'0','',3,'flalonso17@esei.uvigo.es','xwecedc','2021-01-05',16,'');
INSERT INTO training_practice VALUES(42,'2','1-2-',2,'flalonso17@esei.uvigo.es','cwdcd','2021-01-04',16,'12-12-');
INSERT INTO training_practice VALUES(43,'5','1-1-1-1-1-',2,'flalonso17@esei.uvigo.es','dwsfcdsefcdsv','2021-01-05',16,'12-10-8-6-4-');
INSERT INTO training_practice VALUES(44,'2','1-1-',2,'flalonso17@esei.uvigo.es','cdwcdf','2021-01-04',16,'12-12-');
INSERT INTO training_practice VALUES(45,'1','1-',2,'flalonso17@esei.uvigo.es','crecec','2021-01-04',16,'1-');
INSERT INTO training_practice VALUES(46,'2','120-100-',2,'clien@gmail.es','oinonkj','2021-01-09',23,'20-12-');
INSERT INTO training_practice VALUES(47,'2','120-110-',2,'prueba@prueba.es','he following tokens can be used to test verification with Custom and Express accounts. You will need to provide real information to activate a Standard connected ...','2021-01-14',24,'12-12-');
INSERT INTO training_practice VALUES(48,'3','120-110-90-',2,'prueba@prueba.es','he following tokens can be used to test verification with Custom and Express accounts. You will need to provide real information to activate a Standard connected ...','2021-01-14',24,'12-12-10-');
INSERT INTO training_practice VALUES(49,'2','100-90-',2,'prueba@prueba.es','he following tokens can be used to test verification with Custom and Express accounts. You will need to provide real information to activate a Standard connected ...','2021-01-15',24,'12-12-');
INSERT INTO training_practice VALUES(51,'3','100-100-100-',2,'prueba@prueba.es','kjnkj nknjn knj','2021-01-15',24,'12-12-12-');
CREATE TABLE IF NOT EXISTS `user_user` (`password` varchar(128) NOT NULL, `last_login` datetime NULL, `email` varchar(255) NOT NULL PRIMARY KEY, `username` varchar(30) NOT NULL UNIQUE, `first_name` varchar(30) NOT NULL, `last_name` varchar(30) NOT NULL, `active` bool NOT NULL, `staff` bool NOT NULL, `is_superuser` bool NOT NULL, `grupo_id` integer NOT NULL REFERENCES `auth_group` (`id`), `is_trainer_id` varchar(255) NULL REFERENCES `user_user` (`email`));
INSERT INTO user_user VALUES('pbkdf2_sha256$216000$sB1OZX2dMCnw$p+lCWivBN968ka1+Cnwdtm5R5IU9UKBnZYFBq34j2P8=','2021-01-16 19:55:04.129506','flalonso17@esei.uvigo.es','fraanaalonso','Francisco','Lopez',1,1,1,1,NULL);
INSERT INTO user_user VALUES('pbkdf2_sha256$216000$iLmqtRWHptsx$LPDbfpF/oAks9geoegPcZ4KU1iX35WNauaNm3ls3994=','2021-01-06 11:28:53.080912','prueba@prueba.es','yo','prueba','prueba',1,0,0,2,'usuario@usuario.es');
INSERT INTO user_user VALUES('pbkdf2_sha256$216000$iLmqtRWHptsx$LPDbfpF/oAks9geoegPcZ4KU1iX35WNauaNm3ls3994=','2020-12-14 20:37:03.613055','alonso@alonso.es','alonso_f09','FRan','Alonso',1,0,0,2,'usuario@usuario.es');
INSERT INTO user_user VALUES('pbkdf2_sha256$216000$m0Hunc0LKXVj$lwaxY8ngwl+5MpFA3B/4gRk7SdNP6M8gmBvb+lZz058=','2021-01-16 18:59:49.027104','usuario@usuario.es','user1','usuario','usuario',1,1,0,3,NULL);
INSERT INTO user_user VALUES('pbkdf2_sha256$216000$CqK00yxMDaT2$udC+XxXrMwHsjrduAuCBCk4kvfw0b/iqT2Gi89d89PI=',NULL,'sete@gmail.es','aaa','aa','aaa',1,0,0,2,'usuario@usuario.es');
INSERT INTO user_user VALUES('pbkdf2_sha256$216000$xIIJo6QcYUkG$tW3XnQDTakYLrc1WUT3g7WE9j1Ev+JSDVYVS1I6ZWNU=','2021-01-04 10:23:46.918855','fraloal97@outlook.es','manolo_12','MAnuel','Alonso',1,0,0,2,'usuario@usuario.es');
INSERT INTO user_user VALUES('pbkdf2_sha256$216000$Ic4iYFgtEBYi$HJpvyqwJRbSpinSTeWW5ggqbdlid8VSi2nZdUwFpnvU=','2021-01-16 19:31:34.357074','clien@gmail.es','client1','client','client',1,0,0,2,'usuario@usuario.es');
INSERT INTO user_user VALUES('pbkdf2_sha256$216000$AXV2ZTctByiE$H5OLhW6mdr9KCU4azWRxxYadFORfVneBa/G8TKh4fow=','2021-01-13 11:15:11.895675','aaa@knkj.es','fraanaalonso15','aaa','aaa',1,1,0,3,NULL);
INSERT INTO user_user VALUES('pbkdf2_sha256$216000$C6WuBX9fafkW$vkMKv+uWn+Qy+pFV9ShGcyAqNR1rMClRIrdyhrjAZDk=','2021-01-16 19:51:02.945225','paco150997@hotmail.com','paco','lopez','alonso',1,0,0,2,NULL);
CREATE TABLE IF NOT EXISTS `user_record` (`id` integer NOT NULL PRIMARY KEY AUTO_INCREMENT, `dni` varchar(9) NULL, `phone` varchar(9) NULL, `photo` varchar(100) NOT NULL, `date` date NULL, `country` varchar(50) NULL, `weight` varchar(3) NULL, `height` varchar(3) NULL, `somatotipe` varchar(10) NULL, `timing` text NULL, `meals` text NULL, `patologies` text NULL, `sports` text NULL, `comments` text NULL, `plan_id` integer NULL REFERENCES `user_tariff` (`id`), `userID_id` varchar(255) NOT NULL REFERENCES `user_user` (`email`), `gender` varchar(10) NULL);
INSERT INTO user_record VALUES(4,'45159033V','673322161','profile-photos/2020-10-20_2_tc4nipF.png','1940-01-11','PO','34','176','EC','swqx','sqwd','aswqcxs','Lorem Ipsum is simply dummy text of the printing and typesetting industry. Lorem Ipsum has been the industry''s standard dummy text ever since the 1500s, when an unknown printer took a galley of type and scrambled it to make a type specimen book. It has survived not only five centuries, but also the leap into electronic typesetting, remaining essentially unchanged. It was popularised in the 1960s with the release of Letraset sheets containing Lorem Ipsum passages, and more recently with desktop publishing software like Aldus PageMaker including versi','ascxsae',1,'flalonso17@esei.uvigo.es','Hombre');
INSERT INTO user_record VALUES(6,'45159031A','673322161','profile-photos/Me_QCEmyjS.jpg','1940-01-01','ES','67','176','EC','Para entrenar  me viene mejor a la noche los lunes y los miercoles. El resto de días me da igual.','Suelo hacer de 3 a 5 comidas diarias','Ninguna','Practico deporte de gimansio','Nada que añadir',2,'prueba@prueba.es','Hombre');
INSERT INTO user_record VALUES(7,'45159033B','666123214','profile-photos/Me_UqgbnR6.jpg','1940-01-01','ES','43','176','EC','Trabajo de 08:30 a 15:00','Suelo comer de 4 a 5 comidas diarias','No tengo ninguna patología','Practico deporte de gimnasio','Soy intolerante a la lactosa',2,'alonso@alonso.es','Hombre');
INSERT INTO user_record VALUES(26,'45159031A','673322161','profile-photos/profile_pic_NtUDo1O.jpg','2001-01-01','ES','82','176','ME','survived not only five centuries, but also the leap into electronic typesetting, remaining essentially unchanged. It was popularised in the 1960s with the release of Letraset sheets containing Lorem Ipsum passages, and more recently with desktop publishing software like Aldus PageMaker including versions of Lorem Ipsum.','survived not only five centuries, but also the leap into electronic typesetting, remaining essentially unchanged. It was popularised in the 1960s with the release of Letraset sheets containing Lorem Ipsum passages, and more recently with desktop publishing software like Aldus PageMaker including versions of Lorem Ipsum.','survived not only five centuries, but also the leap into electronic typesetting, remaining essentially unchanged. It was popularised in the 1960s with the release of Letraset sheets containing Lorem Ipsum passages, and more recently with desktop publishing software like Aldus PageMaker including versions of Lorem Ipsum.','survived not only five centuries, but also the leap into electronic typesetting, remaining essentially unchanged. It was popularised in the 1960s with the release of Letraset sheets containing Lorem Ipsum passages, and more recently with desktop publishing software like Aldus PageMaker including versions of Lorem Ipsum.','survived not only five centuries, but also the leap into electronic typesetting, remaining essentially unchanged. It was popularised in the 1960s with the release of Letraset sheets containing Lorem Ipsum passages, and more recently with desktop publishing software like Aldus PageMaker including versions of Lorem Ipsum.',2,'usuario@usuario.es','Mujer');
INSERT INTO user_record VALUES(27,'45159033V','673322161','profile-photos/2020-12-07_3_orUCzKz.png','1940-01-01','ES','82','176','EC','kjbk','nkjnb','nkjbkjbkjb','bkjbkj','kjbkjb',2,'sete@gmail.es','Hombre');
INSERT INTO user_record VALUES(29,'45159033V','673322161','profile-photos/2020-12-07_3_xBSk20R.png','2006-01-01','ES','82','176','ME','kjnkjnkjnkjnkj','nnkjnkjnkj','kjnkjnkjnkj','kjnkjnkjnkj','nkjkjkjnj',2,'fraloal97@outlook.es','Hombre');
INSERT INTO user_record VALUES(30,'45159031A','673322161','profile-photos/Captura.PNG','1940-01-01','ES','82','176','EC','cdsc','xaxs','cdc','cdscw','sxx',3,'clien@gmail.es','Mujer');
INSERT INTO user_record VALUES(36,'44495230M','673322161','profile-photos/Captura_0qiVgiZ.PNG','1987-01-01','ES','87','176','EC','cdcdec','xdswxdwc','cecefdsvc','cdecedc','edvcdevcfed',4,'aaa@knkj.es','Hombre');
INSERT INTO user_record VALUES(42,'45159031A','673322161','profile-photos/Captura_rM2eHo1.PNG','1940-01-01','ES','82','176','ME','Lorem Ipsum is simply dummy text of the printing and typesetting industry. Lorem Ipsum has been the industry''s standard dummy text ever since the 1500s, when an unknown printer took a galley of type and scrambled it to make a type specimen book. It has survived not only five centuries, but also the leap into electronic typesetting, remaining essentially unchanged. It was popularised in the 1960s with the release of Letraset sheets containing Lorem Ipsum passages, and more recently with desktop publishing software like Aldus PageMaker including versions of Lorem Ipsum.','Lorem Ipsum is simply dummy text of the printing and typesetting industry. Lorem Ipsum has been the industry''s standard dummy text ever since the 1500s, when an unknown printer took a galley of type and scrambled it to make a type specimen book. It has survived not only five centuries, but also the leap into electronic typesetting, remaining essentially unchanged. It was popularised in the 1960s with the release of Letraset sheets containing Lorem Ipsum passages, and more recently with desktop publishing software like Aldus PageMaker including versions of Lorem Ipsum.','Lorem Ipsum is simply dummy text of the printing and typesetting industry. Lorem Ipsum has been the industry''s standard dummy text ever since the 1500s, when an unknown printer took a galley of type and scrambled it to make a type specimen book. It has survived not only five centuries, but also the leap into electronic typesetting, remaining essentially unchanged. It was popularised in the 1960s with the release of Letraset sheets containing Lorem Ipsum passages, and more recently with desktop publishing software like Aldus PageMaker including versions of Lorem Ipsum.','Lorem Ipsum is simply dummy text of the printing and typesetting industry. Lorem Ipsum has been the industry''s standard dummy text ever since the 1500s, when an unknown printer took a galley of type and scrambled it to make a type specimen book. It has survived not only five centuries, but also the leap into electronic typesetting, remaining essentially unchanged. It was popularised in the 1960s with the release of Letraset sheets containing Lorem Ipsum passages, and more recently with desktop publishing software like Aldus PageMaker including versions of Lorem Ipsum.','Lorem Ipsum is simply dummy text of the printing and typesetting industry. Lorem Ipsum has been the industry''s standard dummy text ever since the 1500s, when an unknown printer took a galley of type and scrambled it to make a type specimen book. It has survived not only five centuries, but also the leap into electronic typesetting, remaining essentially unchanged. It was popularised in the 1960s with the release of Letraset sheets containing Lorem Ipsum passages, and more recently with desktop publishing software like Aldus PageMaker including versions of Lorem Ipsum.',1,'paco150997@hotmail.com','Mujer');
CREATE TABLE IF NOT EXISTS `diet_diet` (`id` integer NOT NULL PRIMARY KEY AUTO_INCREMENT, `name` varchar(50) NULL, `description` text NULL, `calorias` varchar(30) NOT NULL, `type_diet_id` integer NOT NULL REFERENCES `diet_diettype` (`id`), `calorias_gr` varchar(30) NOT NULL, `calorias_hc` varchar(30) NOT NULL, `calorias_pr` varchar(30) NOT NULL, `fecha_fin` date NOT NULL, `fecha_inicio` date NOT NULL, `visible` bool NOT NULL, `created_by_id` varchar(255) NOT NULL REFERENCES `user_user` (`email`), `user_id` varchar(255) NOT NULL REFERENCES `user_user` (`email`));
INSERT INTO diet_diet VALUES(12,'Dieta de yo','tbfbg','2617',2,'654.25','1439.35','523.4','2021-01-10','2021-01-04',0,'flalonso17@esei.uvigo.es','prueba@prueba.es');
INSERT INTO diet_diet VALUES(13,'Dieta de alonso_f09','rgrhbrt','2157',2,'539.25','1186.35','431.4','2021-01-03','2020-12-28',0,'flalonso17@esei.uvigo.es','alonso@alonso.es');
INSERT INTO diet_diet VALUES(14,'Dieta de yo','llll','2958',1,'1479.0','591.6','887.4','2021-01-04','2020-12-29',0,'flalonso17@esei.uvigo.es','prueba@prueba.es');
INSERT INTO diet_diet VALUES(16,'Dieta de yo',NULL,'1650',1,'825.0','330.0','495.0','2021-01-10','2021-01-04',0,'flalonso17@esei.uvigo.es','prueba@prueba.es');
INSERT INTO diet_diet VALUES(19,'Dieta de yo',NULL,'1650',2,'412.5','907.5','330.0','2020-12-15','2020-12-09',0,'flalonso17@esei.uvigo.es','prueba@prueba.es');
INSERT INTO diet_diet VALUES(20,'Dieta de yo',NULL,'1650',2,'412.5','907.5','330.0','2021-01-10','2021-01-07',0,'flalonso17@esei.uvigo.es','prueba@prueba.es');
INSERT INTO diet_diet VALUES(23,'Dieta de aaa',NULL,'1830',2,'457.5','1006.5','366.0','2021-01-09','2021-01-04',0,'flalonso17@esei.uvigo.es','sete@gmail.es');
INSERT INTO diet_diet VALUES(24,'Dieta de client1','Esta dieta es hipercalorica por 300 calorias','2773',2,'693.25','1525.15','554.6','2021-01-15','2021-01-13',1,'usuario@usuario.es','clien@gmail.es');
INSERT INTO diet_diet VALUES(26,'Dieta de client1','Dieta hipercalorica','1625',1,'812.5','325.0','487.5','2021-01-07','2021-01-04',0,'usuario@usuario.es','clien@gmail.es');
INSERT INTO diet_diet VALUES(28,'Dieta de yo','Dieta numero 1','1644',1,'822.0','328.8','197.28','2021-01-16','2021-01-07',0,'usuario@usuario.es','prueba@prueba.es');
INSERT INTO diet_diet VALUES(30,'Dieta de yo','jbbhbhjb','2424',6,'1405.92','509.04','509.04','2021-01-22','2021-01-13',0,'usuario@usuario.es','prueba@prueba.es');
CREATE TABLE IF NOT EXISTS `training_training` (`id` integer NOT NULL PRIMARY KEY AUTO_INCREMENT, `name` varchar(50) NOT NULL, `description` text NOT NULL, `user_id` varchar(255) NOT NULL REFERENCES `user_user` (`email`), `fecha_fin` date NOT NULL, `fecha_inicio` date NOT NULL, `created_by_id` varchar(255) NOT NULL REFERENCES `user_user` (`email`), `visible` bool NOT NULL);
INSERT INTO training_training VALUES(3,'Primer Entreno','Este es el primer entreno, dirigido a prueba','prueba@prueba.es','2020-11-21','2020-11-22','flalonso17@esei.uvigo.es',1);
INSERT INTO training_training VALUES(6,'knn','<p>dcdscds</p>','prueba@prueba.es','2020-01-01','2020-01-01','flalonso17@esei.uvigo.es',1);
INSERT INTO training_training VALUES(7,'unjknbjk','<p>njnjnjknk</p>','prueba@prueba.es','2020-01-01','2020-01-01','flalonso17@esei.uvigo.es',1);
INSERT INTO training_training VALUES(8,'bbkjb','<p>kjbkj</p>','prueba@prueba.es','2020-01-01','2020-01-01','flalonso17@esei.uvigo.es',1);
INSERT INTO training_training VALUES(16,'vvvvv','aaa','flalonso17@esei.uvigo.es','2021-01-15','2021-01-04','flalonso17@esei.uvigo.es',1);
INSERT INTO training_training VALUES(17,'Entreno de Piernas','mmlknnkj','flalonso17@esei.uvigo.es','2021-01-09','2021-01-01','flalonso17@esei.uvigo.es',1);
INSERT INTO training_training VALUES(19,'vvvvv','aaa','flalonso17@esei.uvigo.es','2021-01-12','2021-01-04','flalonso17@esei.uvigo.es',1);
INSERT INTO training_training VALUES(23,'Servicios','bkjbkbk','clien@gmail.es','2021-01-13','2021-01-09','usuario@usuario.es',1);
INSERT INTO training_training VALUES(24,'nn','jnk','prueba@prueba.es','2021-01-19','2021-01-14','usuario@usuario.es',0);
CREATE TABLE IF NOT EXISTS `diet_aliment` (`id` integer NOT NULL PRIMARY KEY AUTO_INCREMENT, `name` varchar(100) NOT NULL, `gr_hc` real NOT NULL, `gr_pr` real NOT NULL, `gr_lip` real NOT NULL, `kcal_hundred_gr` real NOT NULL);
INSERT INTO diet_aliment VALUES(1,'Arroz',28.170000000000001705,2.6899999999999999467,0.28000000000000002664,129.99999999999999999);
INSERT INTO diet_aliment VALUES(2,'Macarrones',72.200000000000002843,12.0,1.3000000000000000444,353.99999999999999999);
INSERT INTO diet_aliment VALUES(3,'Pechuga de Pavo',4.2099999999999999644,17.0,1.65999999999999992,103.99999999999999999);
INSERT INTO diet_aliment VALUES(36,'Espinacas congeladas',1.0900000000000000799,0.85999999999999998667,0.11999999999999999555,7.0);
INSERT INTO diet_aliment VALUES(37,'Habas tiernas',9.0999999999999996447,6.2000000000000001776,0.5,74.0);
INSERT INTO diet_aliment VALUES(38,'Hinojo',6.3399999999999998578,1.080000000000000071,0.17000000000000001221,27.0);
INSERT INTO diet_aliment VALUES(39,'Lechuga',1.6299999999999998934,0.5,0.080000000000000001665,8.0);
INSERT INTO diet_aliment VALUES(40,'Nabos',6.3399999999999998578,0.9000000000000000222,0.10000000000000000555,29.0);
INSERT INTO diet_aliment VALUES(41,'Papas cocidas',18.219999999999998863,2.1600000000000001421,0.11000000000000000055,86.000000000000000003);
INSERT INTO diet_aliment VALUES(42,'Pepino',2.8700000000000001065,0.78000000000000002664,0.20999999999999999222,16.0);
INSERT INTO diet_aliment VALUES(43,'Perejil',0.23999999999999999111,0.11000000000000000055,0.029999999999999998889,1.0);
INSERT INTO diet_aliment VALUES(44,'Pimiento',4.6399999999999996802,0.85999999999999998667,0.17000000000000001221,22.0);
INSERT INTO diet_aliment VALUES(45,'Porotos verdes',7.7999999999999998223,2.0,0.13000000000000000444,34.0);
INSERT INTO diet_aliment VALUES(46,'Puerros',14.150000000000000355,1.5,0.29999999999999998889,60.999999999999999999);
INSERT INTO diet_aliment VALUES(47,'Rábanos',3.9399999999999999467,0.79000000000000003552,0.11999999999999999555,20.0);
INSERT INTO diet_aliment VALUES(48,'Remolacha',12.999999999999999999,2.1899999999999999467,0.23000000000000000999,58.000000000000000001);
INSERT INTO diet_aliment VALUES(49,'Repollo',4.9699999999999997513,1.2800000000000000266,0.11000000000000000055,20.999999999999999999);
INSERT INTO diet_aliment VALUES(50,'Rúcula',3.6499999999999999111,2.580000000000000071,0.66000000000000003108,25.0);
INSERT INTO diet_aliment VALUES(52,'Tomate triturado en conserva',7.2900000000000000355,0.28000000000000002664,1.6399999999999999023,32.0);
INSERT INTO diet_aliment VALUES(53,'Tomates',4.2800000000000002486,1.080000000000000071,0.25,22.0);
INSERT INTO diet_aliment VALUES(54,'Trufa',5.6799999999999997157,0.79000000000000003552,4.25,64.0);
INSERT INTO diet_aliment VALUES(55,'Zanahoria',12.259999999999999786,1.1899999999999999467,0.30999999999999999777,51.999999999999999998);
INSERT INTO diet_aliment VALUES(56,'Zumo de tomate',3.2999999999999998223,0.9000000000000000222,0.0,17.999999999999999999);
INSERT INTO diet_aliment VALUES(59,'Arándanos',21.010000000000001562,1.0700000000000000621,0.47999999999999998223,83.000000000000000001);
INSERT INTO diet_aliment VALUES(60,'Caqui',31.230000000000000426,0.96999999999999997335,0.32000000000000000666,117.99999999999999999);
INSERT INTO diet_aliment VALUES(61,'Cereza',14.769999999999999573,1.0200000000000000177,0.22000000000000000111,58.000000000000000001);
INSERT INTO diet_aliment VALUES(63,'Ciruela',12.669999999999999928,0.64000000000000001332,0.19000000000000000222,50.0);
INSERT INTO diet_aliment VALUES(65,'Coco',15.230000000000000426,3.330000000000000071,33.490000000000001989,353.99999999999999999);
INSERT INTO diet_aliment VALUES(66,'Dátil',68.000000000000000001,2.1000000000000000888,1.0,304.99999999999999999);
INSERT INTO diet_aliment VALUES(68,'Frambuesa',4.5999999999999996447,1.3999999999999999111,0.29999999999999998889,27.0);
INSERT INTO diet_aliment VALUES(69,'Fresas',5.2000000000000001776,0.69999999999999995559,0.0,30.0);
INSERT INTO diet_aliment VALUES(70,'Granada',26.440000000000001278,1.4599999999999999644,0.46000000000000001998,104.99999999999999999);
INSERT INTO diet_aliment VALUES(74,'Kiwi',9.0999999999999996447,1.1999999999999999555,0.69999999999999995559,50.999999999999999999);
INSERT INTO diet_aliment VALUES(75,'Limón',9.3200000000000002842,1.1000000000000000888,0.29999999999999998889,29.0);
INSERT INTO diet_aliment VALUES(76,'Mandarina',9.0,0.8000000000000000444,0.0,43.000000000000000001);
INSERT INTO diet_aliment VALUES(77,'Mango',13.999999999999999999,0.59999999999999997779,0.5,65.999999999999999999);
INSERT INTO diet_aliment VALUES(78,'Manzana',13.810000000000000497,0.26000000000000000888,0.17000000000000001221,51.999999999999999998);
INSERT INTO diet_aliment VALUES(79,'Melón',8.1600000000000001421,0.83999999999999996891,0.19000000000000000222,30.999999999999999999);
INSERT INTO diet_aliment VALUES(80,'Mora',8.1600000000000001421,0.83999999999999996891,0.19000000000000000222,37.0);
INSERT INTO diet_aliment VALUES(81,'Naranja',11.749999999999999999,0.9399999999999999467,0.11999999999999999555,44.0);
INSERT INTO diet_aliment VALUES(82,'Nectarina',14.349999999999999644,1.4399999999999999467,0.44000000000000000222,64.0);
INSERT INTO diet_aliment VALUES(85,'Pera',10.599999999999999644,0.42999999999999999333,0.10000000000000000555,60.999999999999999999);
INSERT INTO diet_aliment VALUES(86,'Piña',11.199999999999999289,0.4000000000000000222,0.4000000000000000222,50.999999999999999999);
INSERT INTO diet_aliment VALUES(88,'Plátano',26.94999999999999929,1.2900000000000000355,0.39000000000000001332,104.99999999999999999);
INSERT INTO diet_aliment VALUES(90,'Sandía',8.0,0.59999999999999997779,0.2000000000000000111,30.0);
INSERT INTO diet_aliment VALUES(91,'Uva',17.5,0.68000000000000004884,0.14999999999999999444,81.000000000000000003);
INSERT INTO diet_aliment VALUES(92,'Uva pasa',79.200000000000002841,3.1000000000000000888,0.5,341.0);
INSERT INTO diet_aliment VALUES(93,'Zumo de fruta y zanahoria',3.7999999999999998223,0.10000000000000000555,0.0,16.0);
INSERT INTO diet_aliment VALUES(94,'Zumo de Naranja',9.5999999999999996447,0.8000000000000000444,0.2000000000000000111,41.999999999999999998);
INSERT INTO diet_aliment VALUES(96,'Almendras',5.4000000000000003552,25.0,50.999999999999999999,619.99999999999999998);
INSERT INTO diet_aliment VALUES(97,'Avellanas',3.8999999999999999111,16.0,64.0,675.0);
INSERT INTO diet_aliment VALUES(98,'Castañas',75.730000000000003979,4.5300000000000002486,3.1499999999999999111,198.99999999999999999);
INSERT INTO diet_aliment VALUES(99,'Maní',16.120000000000000994,25.80000000000000071,49.240000000000001987,559.99999999999999999);
INSERT INTO diet_aliment VALUES(100,'Nueces',13.710000000000000852,15.230000000000000426,65.209999999999993746,659.99999999999999999);
INSERT INTO diet_aliment VALUES(101,'Piñones',71.999999999999999998,11.0,1.5,353.99999999999999999);
INSERT INTO diet_aliment VALUES(102,'Pistacho',27.969999999999998862,20.609999999999999431,44.439999999999997724,557.00000000000000001);
INSERT INTO diet_aliment VALUES(105,'Cuajada',6.5999999999999996447,4.7699999999999995736,4.5199999999999995736,88.000000000000000001);
INSERT INTO diet_aliment VALUES(106,'Flan de huevo',27.679999999999999715,5.4500000000000001776,8.3399999999999998578,203.99999999999999999);
INSERT INTO diet_aliment VALUES(110,'Leche condensada s/azúcar',55.0,7.5,8.0,322.0);
INSERT INTO diet_aliment VALUES(113,'Leche desnatada',4.9000000000000003552,3.2000000000000001776,0.29999999999999998889,35.999999999999999999);
INSERT INTO diet_aliment VALUES(115,'Leche en polvo entera',40.899999999999998578,24.100000000000001421,25.999999999999999999,494.0);
INSERT INTO diet_aliment VALUES(116,'Leche entera',4.5999999999999996447,3.1000000000000000888,3.6000000000000000888,63.000000000000000001);
INSERT INTO diet_aliment VALUES(117,'Leche semi descremada',4.7999999999999998223,3.1000000000000000888,1.6000000000000000888,45.999999999999999999);
INSERT INTO diet_aliment VALUES(118,'Mousse Chocolate',15.0,3.2000000000000001776,5.0,116.99999999999999999);
INSERT INTO diet_aliment VALUES(120,'Queso blanco',4.0,6.5,11.0,119.0);
INSERT INTO diet_aliment VALUES(122,'Queso cammembert',7.0,9.0,19.5,240.0);
INSERT INTO diet_aliment VALUES(123,'Queso cheddar',0.0,25.999999999999999999,32.0,392.0);
INSERT INTO diet_aliment VALUES(124,'Queso crema',3.0,12.999999999999999999,19.0,245.0);
INSERT INTO diet_aliment VALUES(126,'Queso de Burgos',3.3999999999999999111,12.199999999999999289,0.14999999999999999444,73.000000000000000001);
INSERT INTO diet_aliment VALUES(134,'Queso parmesano',3.2200000000000001953,25.829999999999998295,35.75,393.00000000000000001);
INSERT INTO diet_aliment VALUES(135,'Queso ricota',4.0899999999999998578,11.320000000000000284,10.439999999999999502,155.99999999999999999);
INSERT INTO diet_aliment VALUES(138,'Yogur desnatado',6.2999999999999998223,4.2000000000000001776,0.29999999999999998889,45.0);
INSERT INTO diet_aliment VALUES(139,'Yogur desnatado con frutas',12.999999999999999999,3.7999999999999998223,0.2000000000000000111,70.0);
INSERT INTO diet_aliment VALUES(141,'Yogur natural',7.0400000000000000355,5.25,1.0500000000000000444,73.000000000000000001);
INSERT INTO diet_aliment VALUES(145,'Tiras de bacon',0.5,16.600000000000001421,25.0,293.00000000000000001);
INSERT INTO diet_aliment VALUES(146,'Butifarra',1.8700000000000001065,14.05000000000000071,18.010000000000001563,228.99999999999999999);
INSERT INTO diet_aliment VALUES(148,'Cabrito',0.0,19.359999999999999431,5.0,126.99999999999999999);
INSERT INTO diet_aliment VALUES(152,'Chicharrón',0.0,61.299999999999997156,31.30000000000000071,544.99999999999999998);
INSERT INTO diet_aliment VALUES(153,'Chorizo',2.8500000000000000888,13.720000000000000639,29.179999999999999715,332.99999999999999999);
INSERT INTO diet_aliment VALUES(155,'Codorniz y perdiz',0.0,22.300000000000000711,2.0,113.99999999999999999);
INSERT INTO diet_aliment VALUES(161,'Faisán',0.0,23.699999999999999289,6.5,153.99999999999999999);
INSERT INTO diet_aliment VALUES(162,'Foie-Gras',4.6699999999999999289,11.499999999999999999,43.84000000000000341,461.99999999999999998);
INSERT INTO diet_aliment VALUES(164,'Hamburguesa de vacuno',0.9000000000000000222,19.399999999999998578,13.999999999999999999,229.99999999999999999);
INSERT INTO diet_aliment VALUES(165,'Hamburguesa de pollo',4.2999999999999998223,16.0,7.5,148.0);
INSERT INTO diet_aliment VALUES(166,'Jamón Serrano',1.0,31.800000000000000709,18.699999999999999289,300.0);
INSERT INTO diet_aliment VALUES(167,'Jamón cocido',1.9699999999999999733,18.129999999999999005,3.9799999999999999822,125.99999999999999999);
INSERT INTO diet_aliment VALUES(168,'Jamón de pavo',3.1000000000000000888,29.600000000000001421,27.899999999999998579,381.99999999999999998);
INSERT INTO diet_aliment VALUES(169,'Jamón York',0.9000000000000000222,18.600000000000001421,2.5,100.99999999999999999);
INSERT INTO diet_aliment VALUES(171,'Lomo embuchado',0.5,38.399999999999998578,5.0,200.0);
INSERT INTO diet_aliment VALUES(172,'Mortadela de pavo',6.2999999999999998223,10.499999999999999999,10.499999999999999999,161.99999999999999999);
INSERT INTO diet_aliment VALUES(173,'Carne de pato',0.0,18.280000000000001136,5.9500000000000001776,132.0);
INSERT INTO diet_aliment VALUES(180,'Pechuga de pollo',0.0,29.55000000000000071,7.7199999999999997513,195.0);
INSERT INTO diet_aliment VALUES(184,'Ternera',0.0,29.850000000000001421,11.30000000000000071,228.99999999999999999);
INSERT INTO diet_aliment VALUES(196,'Almejashervidas',3.1899999999999999467,15.830000000000000071,1.1999999999999999555,91.999999999999999998);
INSERT INTO diet_aliment VALUES(197,'Anchoas',2.0,25.0,10.0,191.99999999999999999);
INSERT INTO diet_aliment VALUES(199,'Atún en aceite',0.0,29.129999999999999006,8.2100000000000008526,198.0);
INSERT INTO diet_aliment VALUES(201,'Atún fresco',0.0,23.870000000000000995,4.6200000000000001065,142.99999999999999999);
INSERT INTO diet_aliment VALUES(202,'Bacalao fresco',0.0,17.80999999999999872,0.67000000000000003996,81.999999999999999998);
INSERT INTO diet_aliment VALUES(204,'Besugo',0.0,18.05000000000000071,1.1999999999999999555,88.000000000000000001);
INSERT INTO diet_aliment VALUES(205,'Caballa',0.0,15.0,10.0,152.99999999999999999);
INSERT INTO diet_aliment VALUES(206,'Calamar',3.080000000000000071,15.58000000000000007,1.3799999999999998934,91.999999999999999998);
INSERT INTO diet_aliment VALUES(207,'Carne de cangrejo al natural (hacendado)',1.1999999999999999555,25.899999999999998578,1.080000000000000071,102.99999999999999999);
INSERT INTO diet_aliment VALUES(208,'Caviar',4.0,24.60000000000000142,17.899999999999998579,251.99999999999999999);
INSERT INTO diet_aliment VALUES(210,'Dorada al horno',8.1999999999999992894,9.5,11.599999999999999645,177.99999999999999999);
INSERT INTO diet_aliment VALUES(212,'Gambas',0.9000000000000000222,20.140000000000000568,1.7199999999999999733,104.99999999999999999);
INSERT INTO diet_aliment VALUES(215,'Lenguado',0.5,18.80000000000000071,1.1999999999999999555,91.000000000000000003);
INSERT INTO diet_aliment VALUES(216,'Lubina',1.0,18.399999999999998578,2.0,96.999999999999999998);
INSERT INTO diet_aliment VALUES(218,'Mejillón',3.6899999999999999467,11.900000000000000355,2.2400000000000002131,86.000000000000000003);
INSERT INTO diet_aliment VALUES(219,'Merluza',0.40999999999999997557,21.379999999999999005,4.3799999999999998934,132.0);
INSERT INTO diet_aliment VALUES(223,'Pez espada',0.0,19.80000000000000071,4.0099999999999997868,121.0);
INSERT INTO diet_aliment VALUES(224,'Pulpo',2.2000000000000001776,14.910000000000000142,1.0400000000000000355,81.999999999999999998);
INSERT INTO diet_aliment VALUES(228,'Salmón',0.0,21.620000000000000994,5.9299999999999997157,146.0);
INSERT INTO diet_aliment VALUES(230,'Sardinas',0.8000000000000000444,20.0,5.5,134.0);
INSERT INTO diet_aliment VALUES(234,'Azúcar',100.0,0.0,0.0,405.99999999999999999);
INSERT INTO diet_aliment VALUES(244,'Miel',82.5,0.5,0.10000000000000000555,331.99999999999999999);
INSERT INTO diet_aliment VALUES(247,'Arroz blanco',77.200000000000002843,7.7000000000000001776,0.59999999999999997779,383.99999999999999999);
INSERT INTO diet_aliment VALUES(248,'Arroz integral',70.999999999999999999,8.4000000000000003552,2.5,350.0);
INSERT INTO diet_aliment VALUES(249,'Avena',58.700000000000002843,13.5,7.0,367.0);
INSERT INTO diet_aliment VALUES(254,'Copos de maíz',83.999999999999999996,7.0,0.59999999999999997779,375.0);
INSERT INTO diet_aliment VALUES(258,'Pan de centeno',50.0,9.4000000000000003552,1.6999999999999999555,261.99999999999999998);
INSERT INTO diet_aliment VALUES(259,'Pan blanco',50.609999999999999431,7.6399999999999996802,3.2900000000000000355,266.0);
INSERT INTO diet_aliment VALUES(265,'Polenta',40.009999999999998009,4.3700000000000001065,1.2299999999999999822,191.99999999999999999);
INSERT INTO diet_aliment VALUES(270,'Garbanzos cocidos',9.5,5.5,2.2000000000000001776,90.0);
INSERT INTO diet_aliment VALUES(271,'Judías verdes',7.1299999999999998934,1.8200000000000000621,0.11999999999999999555,30.999999999999999999);
INSERT INTO diet_aliment VALUES(272,'Lentejas cocidas',13.400000000000000354,6.7999999999999998223,0.29999999999999998889,88.999999999999999996);
INSERT INTO diet_aliment VALUES(275,'Clara de huevo',0.5,11.0,0.10000000000000000555,50.0);
INSERT INTO diet_aliment VALUES(276,'1 Huevo cocido',0.78000000000000002664,10.230000000000000426,8.7599999999999997868,126.99999999999999999);
INSERT INTO diet_aliment VALUES(281,'Bizcocho Royal',46.5,6.2999999999999998223,9.5999999999999996447,300.0);
INSERT INTO diet_aliment VALUES(286,'Galletas saladas',65.0,8.0,20.0,463.99999999999999998);
INSERT INTO diet_aliment VALUES(287,'Magdalenas',51.999999999999999998,5.5,22.0,423.99999999999999997);
INSERT INTO diet_aliment VALUES(298,'Cacao puro en polvo desgrasado',16.0,25.999999999999999999,16.0,375.0);
INSERT INTO diet_aliment VALUES(299,'Café',0.0,0.0,0.0,1.0);
INSERT INTO diet_aliment VALUES(310,'Leche de almendras',8.5999999999999996447,0.8000000000000000444,2.2000000000000001776,58.000000000000000001);
INSERT INTO diet_aliment VALUES(318,'Té',0.0,0.0,0.0,1.0);
INSERT INTO diet_aliment VALUES(328,'Aceite de girasol',0.0,0.0,100.0,900.0);
INSERT INTO diet_aliment VALUES(329,'Aceite de oliva',0.0,0.0,100.0,900.0);
INSERT INTO diet_aliment VALUES(332,'Margarina vegetal',0.5,0.5,60.0,540.0);
INSERT INTO diet_aliment VALUES(335,'Bechamel',0.0,17.80999999999999872,0.67000000000000003996,81.999999999999999998);
INSERT INTO diet_aliment VALUES(337,'Ketchup',22.899999999999998579,1.0,0.4000000000000000222,98.000000000000000001);
INSERT INTO diet_aliment VALUES(341,'Salsa de soja',8.3000000000000007105,7.5,0.0,74.0);
CREATE TABLE IF NOT EXISTS `diet_meal` (`id` integer NOT NULL PRIMARY KEY AUTO_INCREMENT, `name` varchar(20) NOT NULL, `description` text NOT NULL, `gr_gramos` real NOT NULL, `hc_gramos` real NOT NULL, `pr_gramos` real NOT NULL);
INSERT INTO diet_meal VALUES(2,'aa','aa',22.999999999999999999,22.999999999999999999,43.000000000000000001);
INSERT INTO diet_meal VALUES(3,'fewfw','xaXa',20.999999999999999999,20.999999999999999999,20.999999999999999999);
INSERT INTO diet_meal VALUES(4,'Alcachofas','wscws',20.999999999999999999,20.999999999999999999,20.999999999999999999);
INSERT INTO diet_meal VALUES(6,'Pizza','sdad',60.0,80.0,50.0);
INSERT INTO diet_meal VALUES(7,'aa','aaa',12.0,11.0,11.0);
CREATE TABLE IF NOT EXISTS `diet_alimentuser` (`id` integer NOT NULL PRIMARY KEY AUTO_INCREMENT, `day` date NOT NULL, `comments` text NOT NULL, `aliment_id` integer NOT NULL REFERENCES `diet_aliment` (`id`), `diet_id` integer NOT NULL REFERENCES `diet_diet` (`id`), `user_id` varchar(255) NOT NULL REFERENCES `user_user` (`email`), `meal_number` integer NOT NULL, `gramos` real NOT NULL);
INSERT INTO diet_alimentuser VALUES(72,'2021-01-07','he following tokens can be used to test verification with Custom and Express accounts. You will need to provide real information to activate a Standard connected ...',1,28,'prueba@prueba.es',1,45.700000000000002842);
INSERT INTO diet_alimentuser VALUES(73,'2021-01-08','gtfrvbrft',1,28,'prueba@prueba.es',1,23.499999999999999999);
INSERT INTO diet_alimentuser VALUES(75,'2021-01-09','refrvfrtvfrvfr',1,28,'prueba@prueba.es',1,234.99999999999999999);
INSERT INTO diet_alimentuser VALUES(77,'2021-01-07','Lorem Ipsum is simply dummy text of the printing and typesetting industry. Lorem Ipsum has been the industry''s standard dummy text ever since the 1500s, when an unknown printer took a galley of type and scrambled it to make a type specimen book. It has survived not only five centuries, but also the leap into electronic typesetting, remaining essentially unchanged. It was popularised in the 1960s with the release of Letraset sheets containing Lorem Ipsum passages, and more recently with desktop publishing software like Aldus PageMaker including versions of Lorem Ipsum.',39,28,'prueba@prueba.es',2,200.0);
INSERT INTO diet_alimentuser VALUES(78,'2021-01-07','La técnica para verificar que nuestras papas están cocidas, es punzar nuestra papa con la punta de un cuchillo mondador cuando el cuchillo se quita fácilmente y la patata cae del cuchillo con facilidad eso quiere decir que nuestra papa esta cocida.',40,28,'prueba@prueba.es',1,200.0);
CREATE UNIQUE INDEX `user_image_user_image_id_user_id_51f0a5bd_uniq` ON `user_image_user` (`image_id`, `user_id`);
CREATE INDEX `user_image_user_image_id_c769aa96` ON `user_image_user` (`image_id`);
CREATE INDEX `user_image_user_user_id_c4a1b07c` ON `user_image_user` (`user_id`);
CREATE INDEX `django_admin_log_content_type_id_c4bce8eb` ON `django_admin_log` (`content_type_id`);
CREATE INDEX `django_admin_log_user_id_c564eba6` ON `django_admin_log` (`user_id`);
CREATE UNIQUE INDEX `django_content_type_app_label_model_76bd3d3b_uniq` ON `django_content_type` (`app_label`, `model`);
CREATE UNIQUE INDEX `auth_group_permissions_group_id_permission_id_0cd325b0_uniq` ON `auth_group_permissions` (`group_id`, `permission_id`);
CREATE INDEX `auth_group_permissions_group_id_b120cbf9` ON `auth_group_permissions` (`group_id`);
CREATE INDEX `auth_group_permissions_permission_id_84c5c92e` ON `auth_group_permissions` (`permission_id`);
CREATE UNIQUE INDEX `auth_permission_content_type_id_codename_01ab375a_uniq` ON `auth_permission` (`content_type_id`, `codename`);
CREATE INDEX `auth_permission_content_type_id_2f476e4b` ON `auth_permission` (`content_type_id`);
CREATE INDEX `django_session_expire_date_a5c62663` ON `django_session` (`expire_date`);
CREATE UNIQUE INDEX `training_training_exercise_training_id_exercise_id_8168e9ae_uniq` ON `training_training_exercise` (`training_id`, `exercise_id`);
CREATE INDEX `training_training_exercise_training_id_7b887d50` ON `training_training_exercise` (`training_id`);
CREATE INDEX `training_training_exercise_exercise_id_3275fc67` ON `training_training_exercise` (`exercise_id`);
CREATE INDEX `payment_payment_id_client_id_f614a189` ON `payment_payment` (`id_client_id`);
CREATE INDEX `diet_mealuser_diet_id_dcf3bf73` ON `diet_mealuser` (`diet_id`);
CREATE INDEX `diet_mealuser_meal_id_1568d768` ON `diet_mealuser` (`meal_id`);
CREATE INDEX `diet_mealuser_user_id_7b9f0f5c` ON `diet_mealuser` (`user_id`);
CREATE INDEX `chat_chat_emisor_id_376cb6f1` ON `chat_chat` (`emisor_id`);
CREATE INDEX `chat_chat_receptor_id_9594dff2` ON `chat_chat` (`receptor_id`);
CREATE INDEX `training_practice_exercise_id_9d3175ee` ON `training_practice` (`exercise_id`);
CREATE INDEX `training_practice_user_id_c354520f` ON `training_practice` (`user_id`);
CREATE INDEX `training_practice_training_id_id_63a3b623` ON `training_practice` (`training_id_id`);
CREATE INDEX `user_user_grupo_id_eb93b6eb` ON `user_user` (`grupo_id`);
CREATE INDEX `user_user_is_trainer_id_f52f2cc8` ON `user_user` (`is_trainer_id`);
CREATE INDEX `user_record_plan_id_453174de` ON `user_record` (`plan_id`);
CREATE INDEX `user_record_userID_id_3b00fb56` ON `user_record` (`userID_id`);
CREATE INDEX `diet_diet_type_diet_id_87c68550` ON `diet_diet` (`type_diet_id`);
CREATE INDEX `diet_diet_created_by_id_94a06951` ON `diet_diet` (`created_by_id`);
CREATE INDEX `diet_diet_user_id_4052a21d` ON `diet_diet` (`user_id`);
CREATE INDEX `training_training_user_id_d4d4d647` ON `training_training` (`user_id`);
CREATE INDEX `training_training_created_by_id_97fd6d9f` ON `training_training` (`created_by_id`);
CREATE INDEX `diet_alimentuser_aliment_id_9e998a89` ON `diet_alimentuser` (`aliment_id`);
CREATE INDEX `diet_alimentuser_diet_id_12164155` ON `diet_alimentuser` (`diet_id`);
CREATE INDEX `diet_alimentuser_user_id_afe322f6` ON `diet_alimentuser` (`user_id`);
COMMIT;
